<?xml version="1.0" encoding="UTF-8" standalone="yes"?><manifest><archiveItems><item>SERVICE_OFFERING_Demo_Offering_for_Simplified_API_1.0.0_3d4a3e0e5f0d450190801ef2fe7db67b.xml</item><itemLocation>com.hp.csa.model.vo.consumer.ServiceOfferingVO</itemLocation><itemType>com.hp.csa.model.vo.consumer.ServiceOfferingVO</itemType></archiveItems><archiveItems><item>SERVICE_DESIGN_Demo_Design_for_Simplified_API_15.12.0000_8a828d846193f3b7016199bf2ca46ff2.xml</item><itemLocation>com.hp.csa.model.vo.service.ServiceBlueprintVO</itemLocation><itemType>com.hp.csa.model.vo.service.ServiceBlueprintVO</itemType></archiveItems><archiveItems><item>server.png</item><itemLocation>/images/categories/component_type/server.png</itemLocation><itemType>File</itemType></archiveItems><archiveItems><item>server_group.png</item><itemLocation>/images/categories/component_type/server_group.png</itemLocation><itemType>File</itemType></archiveItems><archiveItems><item>infrastructure_service.png</item><itemLocation>/images/categories/component_type/infrastructure_service.png</itemLocation><itemType>File</itemType></archiveItems><archiveItems><item>service_composite.png</item><itemLocation>/images/categories/component_type/service_composite.png</itemLocation><itemType>File</itemType></archiveItems><archiveItems><item>hpe_logo_minimal.png</item><itemLocation>/images/library/hpe_logo_minimal.png</itemLocation><itemType>File</itemType></archiveItems><archiveItems><item>RackServer.png</item><itemLocation>/images/library/RackServer.png</itemLocation><itemType>File</itemType></archiveItems><archiveItems><item>sample.jsp</item><itemLocation>\propertysources\sample.jsp</itemLocation><itemType>File</itemType></archiveItems><archiveItems><item>software_component.png</item><itemLocation>/images/library/software_component.png</itemLocation><itemType>File</itemType></archiveItems><archiveItems><item>vmware_vcenter.png</item><itemLocation>/images/library/vmware_vcenter.png</itemLocation><itemType>File</itemType></archiveItems><csaVersion>04.80.0000.0</csaVersion></manifest>