<?xml version="1.0" encoding="UTF-8" standalone="yes"?><ServiceOffering><id>3d4a3e0e5f0d450190801ef2fe7db67b</id><objectId>3d4a3e0e5f0d450190801ef2fe7db67b</objectId><createdOn>2018-02-15T05:56:35.483-08:00</createdOn><updatedOn>2018-02-15T05:56:35.483-08:00</updatedOn><isCriticalSystemObject>false</isCriticalSystemObject><description></description><iconUrl>/csa/images/library/vmware_vcenter.png</iconUrl><name>Demo_Offering_for_Simplified_API_9c97699a-d775-4180-b53b-ee0988d02249</name><displayName>Demo Offering for Simplified API</displayName><state><id>90d96588360da0c701360da0ef470038</id><objectId>90d96588360da0c701360da0ef470038</objectId><createdOn>2015-08-14T13:08:31.100-07:00</createdOn><isCriticalSystemObject>true</isCriticalSystemObject><description>Active</description><iconUrl>/csa/images/categories/artifact_state/active.png</iconUrl><name>ACTIVE</name><displayName>Active</displayName><disabled>false</disabled><categoryType><id>90d96588360da0c701360da0ef420037</id><objectId>90d96588360da0c701360da0ef420037</objectId><isCriticalSystemObject>true</isCriticalSystemObject><description>Artifact State</description><name>ARTIFACT_STATE</name><displayName>Artifact State</displayName><extensible>false</extensible></categoryType></state><optionModel><id>a316d4a0b54a43a1a25f5c85f7dacbab</id><objectId>a316d4a0b54a43a1a25f5c85f7dacbab</objectId><createdOn>2018-02-15T05:56:35.537-08:00</createdOn><updatedOn>2018-02-15T05:56:35.537-08:00</updatedOn><isCriticalSystemObject>false</isCriticalSystemObject><name>VCENTER_COMPUTE_3.20</name><optionSets><id>49abda772c494fc3b34ca384addb6793</id><objectId>49abda772c494fc3b34ca384addb6793</objectId><createdOn>2018-02-15T05:56:35.530-08:00</createdOn><updatedOn>2018-02-15T05:56:35.540-08:00</updatedOn><isCriticalSystemObject>false</isCriticalSystemObject><description>Supported Server Configurations</description><iconUrl>/csa/images/library/RackServer.png</iconUrl><name>B9183086-AE0A-2D98-B116-64F6F711A797</name><displayName>Option Set 2</displayName><options><id>fa14ead261de4291be3f69c61b240cf7</id><objectId>fa14ead261de4291be3f69c61b240cf7</objectId><createdOn>2018-02-15T05:56:35.530-08:00</createdOn><updatedOn>2018-02-15T05:56:35.540-08:00</updatedOn><isCriticalSystemObject>false</isCriticalSystemObject><description>1 CPU(s), 2048MB Memory</description><name>904ECD17-5EE9-58FA-A50D-64F6F70E7C35</name><displayName>Option 1 in Option Set 2</displayName><consumerReadOnly>false</consumerReadOnly><consumerVisible>true</consumerVisible><isSelected>true</isSelected><orderIndex>0</orderIndex><pricing xmlns:xsi="http://www.w3.org/2001/XMLSchema-instance" xsi:type="initialPricingVO"><id>98286469b6f640248ccb6c611b7228eb</id><createdOn>2018-02-15T05:56:35.537-08:00</createdOn><updatedOn>2018-02-15T05:56:35.537-08:00</updatedOn><priceCategory><id>90d9650a36897af90136897bc93e0016</id><objectId>90d9650a36897af90136897bc93e0016</objectId><createdOn>2015-08-14T13:08:31.543-07:00</createdOn><isCriticalSystemObject>true</isCriticalSystemObject><description>SETUP</description><iconUrl>/csa/images/categories/price/setup.png</iconUrl><name>SETUP</name><displayName>SETUP</displayName><disabled>false</disabled><categoryType><id>90d9650a36897af90136897bc7c70014</id><objectId>90d9650a36897af90136897bc7c70014</objectId><isCriticalSystemObject>false</isCriticalSystemObject><description>Price Category</description><name>PRICE_CATEGORY</name><displayName>Price Category</displayName><extensible>false</extensible></categoryType></priceCategory><fixedPrice>0.0</fixedPrice><unitPrice>0.0</unitPrice><pricingComputeType><id>32787A2F288341E689BD9C4CCA5E5331</id><objectId>32787A2F288341E689BD9C4CCA5E5331</objectId><createdOn>2015-08-14T13:08:31.583-07:00</createdOn><isCriticalSystemObject>true</isCriticalSystemObject><description>STATIC</description><iconUrl></iconUrl><name>STATIC</name><displayName>STATIC</displayName><disabled>false</disabled><categoryType><id>BBBB47674CFB4535AC8792EF167C4AD7</id><objectId>BBBB47674CFB4535AC8792EF167C4AD7</objectId><isCriticalSystemObject>false</isCriticalSystemObject><description>Pricing Compute Type</description><name>PRICING_COMPUTE_TYPE</name><displayName>Pricing Compute Type</displayName><extensible>false</extensible></categoryType></pricingComputeType></pricing><pricing xmlns:xsi="http://www.w3.org/2001/XMLSchema-instance" xsi:type="recurrentPricingVO"><id>5b2ece4f435f43e290d783148bcdf5e9</id><createdOn>2018-02-15T05:56:35.537-08:00</createdOn><updatedOn>2018-02-15T05:56:35.537-08:00</updatedOn><priceCategory><id>90d9650a36897af90136897bc8c10015</id><objectId>90d9650a36897af90136897bc8c10015</objectId><createdOn>2015-08-14T13:08:31.540-07:00</createdOn><isCriticalSystemObject>true</isCriticalSystemObject><description>RECURRING</description><iconUrl>/csa/images/categories/price/recurring.png</iconUrl><name>RECURRING</name><displayName>RECURRING</displayName><disabled>false</disabled><categoryType><id>90d9650a36897af90136897bc7c70014</id><objectId>90d9650a36897af90136897bc7c70014</objectId><isCriticalSystemObject>false</isCriticalSystemObject><description>Price Category</description><name>PRICE_CATEGORY</name><displayName>Price Category</displayName><extensible>false</extensible></categoryType></priceCategory><fixedPrice>0.0</fixedPrice><unitPrice>0.0</unitPrice><pricingComputeType><id>32787A2F288341E689BD9C4CCA5E5331</id><objectId>32787A2F288341E689BD9C4CCA5E5331</objectId><createdOn>2015-08-14T13:08:31.583-07:00</createdOn><isCriticalSystemObject>true</isCriticalSystemObject><description>STATIC</description><iconUrl></iconUrl><name>STATIC</name><displayName>STATIC</displayName><disabled>false</disabled><categoryType><id>BBBB47674CFB4535AC8792EF167C4AD7</id><objectId>BBBB47674CFB4535AC8792EF167C4AD7</objectId><isCriticalSystemObject>false</isCriticalSystemObject><description>Pricing Compute Type</description><name>PRICING_COMPUTE_TYPE</name><displayName>Pricing Compute Type</displayName><extensible>false</extensible></categoryType></pricingComputeType><recurrencePeriod><id>90e3e858361579e90136157a34c10041</id><objectId>90e3e858361579e90136157a34c10041</objectId><createdOn>2015-08-14T13:08:31.310-07:00</createdOn><isCriticalSystemObject>true</isCriticalSystemObject><description>Yearly</description><iconUrl>/csa/images/categories/period/year.png</iconUrl><name>YEAR</name><displayName>Yearly</displayName><disabled>false</disabled><categoryType><id>90d96588360da0c701360da0f15b009e</id><objectId>90d96588360da0c701360da0f15b009e</objectId><isCriticalSystemObject>true</isCriticalSystemObject><description>Period</description><name>PERIOD</name><displayName>Period</displayName><extensible>false</extensible></categoryType></recurrencePeriod></pricing><property><id>68ac966a7f034304b1111dca2218b09a</id><objectId>68ac966a7f034304b1111dca2218b09a</objectId><createdOn>2018-02-15T05:56:35.537-08:00</createdOn><updatedOn>2018-02-15T05:56:35.537-08:00</updatedOn><isCriticalSystemObject>false</isCriticalSystemObject><description></description><name>Sample Static List Property</name><displayName>Sample Static List Property</displayName><enableValidation>false</enableValidation><valueType><id>90d96588360da0c701360da0efb00052</id><objectId>90d96588360da0c701360da0efb00052</objectId><createdOn>2015-08-14T13:08:31.113-07:00</createdOn><isCriticalSystemObject>true</isCriticalSystemObject><description>List</description><iconUrl>/csa/images/categories/value_type/enum.png</iconUrl><name>ENUM</name><displayName>List</displayName><disabled>false</disabled><categoryType><id>90d96588360da0c701360da0efa0004e</id><objectId>90d96588360da0c701360da0efa0004e</objectId><isCriticalSystemObject>true</isCriticalSystemObject><description>Value Type</description><name>VALUE_TYPE</name><displayName>Value Type</displayName><extensible>false</extensible></categoryType></valueType><values><id>1ed515ba04404b749707624865b1ff26</id><createdOn>2018-02-15T05:56:35.537-08:00</createdOn><updatedOn>2018-02-15T05:56:35.537-08:00</updatedOn><value>Value1</value><displayName>List1</displayName><description></description><pricing xmlns:xsi="http://www.w3.org/2001/XMLSchema-instance" xsi:type="initialPricingVO"><id>9820005952a34a7ca0af04ae4ebfd3c8</id><createdOn>2018-02-15T05:56:35.537-08:00</createdOn><updatedOn>2018-02-15T05:56:35.537-08:00</updatedOn><priceCategory><id>90d9650a36897af90136897bc93e0016</id><objectId>90d9650a36897af90136897bc93e0016</objectId><createdOn>2015-08-14T13:08:31.543-07:00</createdOn><isCriticalSystemObject>true</isCriticalSystemObject><description>SETUP</description><iconUrl>/csa/images/categories/price/setup.png</iconUrl><name>SETUP</name><displayName>SETUP</displayName><disabled>false</disabled><categoryType><id>90d9650a36897af90136897bc7c70014</id><objectId>90d9650a36897af90136897bc7c70014</objectId><isCriticalSystemObject>false</isCriticalSystemObject><description>Price Category</description><name>PRICE_CATEGORY</name><displayName>Price Category</displayName><extensible>false</extensible></categoryType></priceCategory><fixedPrice>0.0</fixedPrice><unitPrice>0.0</unitPrice><pricingComputeType><id>32787A2F288341E689BD9C4CCA5E5331</id><objectId>32787A2F288341E689BD9C4CCA5E5331</objectId><createdOn>2015-08-14T13:08:31.583-07:00</createdOn><isCriticalSystemObject>true</isCriticalSystemObject><description>STATIC</description><iconUrl></iconUrl><name>STATIC</name><displayName>STATIC</displayName><disabled>false</disabled><categoryType><id>BBBB47674CFB4535AC8792EF167C4AD7</id><objectId>BBBB47674CFB4535AC8792EF167C4AD7</objectId><isCriticalSystemObject>false</isCriticalSystemObject><description>Pricing Compute Type</description><name>PRICING_COMPUTE_TYPE</name><displayName>Pricing Compute Type</displayName><extensible>false</extensible></categoryType></pricingComputeType></pricing><pricing xmlns:xsi="http://www.w3.org/2001/XMLSchema-instance" xsi:type="recurrentPricingVO"><id>cac9d8c382d54a8fadd51033272e15eb</id><createdOn>2018-02-15T05:56:35.537-08:00</createdOn><updatedOn>2018-02-15T05:56:35.537-08:00</updatedOn><priceCategory><id>90d9650a36897af90136897bc8c10015</id><objectId>90d9650a36897af90136897bc8c10015</objectId><createdOn>2015-08-14T13:08:31.540-07:00</createdOn><isCriticalSystemObject>true</isCriticalSystemObject><description>RECURRING</description><iconUrl>/csa/images/categories/price/recurring.png</iconUrl><name>RECURRING</name><displayName>RECURRING</displayName><disabled>false</disabled><categoryType><id>90d9650a36897af90136897bc7c70014</id><objectId>90d9650a36897af90136897bc7c70014</objectId><isCriticalSystemObject>false</isCriticalSystemObject><description>Price Category</description><name>PRICE_CATEGORY</name><displayName>Price Category</displayName><extensible>false</extensible></categoryType></priceCategory><fixedPrice>0.0</fixedPrice><unitPrice>0.0</unitPrice><pricingComputeType><id>32787A2F288341E689BD9C4CCA5E5331</id><objectId>32787A2F288341E689BD9C4CCA5E5331</objectId><createdOn>2015-08-14T13:08:31.583-07:00</createdOn><isCriticalSystemObject>true</isCriticalSystemObject><description>STATIC</description><iconUrl></iconUrl><name>STATIC</name><displayName>STATIC</displayName><disabled>false</disabled><categoryType><id>BBBB47674CFB4535AC8792EF167C4AD7</id><objectId>BBBB47674CFB4535AC8792EF167C4AD7</objectId><isCriticalSystemObject>false</isCriticalSystemObject><description>Pricing Compute Type</description><name>PRICING_COMPUTE_TYPE</name><displayName>Pricing Compute Type</displayName><extensible>false</extensible></categoryType></pricingComputeType><recurrencePeriod><id>90e3e858361579e90136157a34c10041</id><objectId>90e3e858361579e90136157a34c10041</objectId><createdOn>2015-08-14T13:08:31.310-07:00</createdOn><isCriticalSystemObject>true</isCriticalSystemObject><description>Yearly</description><iconUrl>/csa/images/categories/period/year.png</iconUrl><name>YEAR</name><displayName>Yearly</displayName><disabled>false</disabled><categoryType><id>90d96588360da0c701360da0f15b009e</id><objectId>90d96588360da0c701360da0f15b009e</objectId><isCriticalSystemObject>true</isCriticalSystemObject><description>Period</description><name>PERIOD</name><displayName>Period</displayName><extensible>false</extensible></categoryType></recurrencePeriod></pricing><orderIndex>0</orderIndex></values><maxOccurs>1</maxOccurs><minOccurs>0</minOccurs><orderIndex>1</orderIndex><confidential>false</confidential><encrypted>false</encrypted><consumerReadOnly>false</consumerReadOnly><consumerVisible>false</consumerVisible><dynamicValueEnabled>false</dynamicValueEnabled><semanticValidationEnabled>false</semanticValidationEnabled><measurable>false</measurable><multiplied>false</multiplied><upgradeLocked>false</upgradeLocked><newPropertyOnUpgrade>false</newPropertyOnUpgrade><editable>false</editable><availableValues><id>e640be9226374573ab0e25ddd8d39ae7</id><createdOn>2018-02-15T05:56:35.537-08:00</createdOn><updatedOn>2018-02-15T05:56:35.537-08:00</updatedOn><value>Value1</value><displayName>List1</displayName><description></description><pricing xmlns:xsi="http://www.w3.org/2001/XMLSchema-instance" xsi:type="initialPricingVO"><id>dc6669c616ef439cb369bded31f10c89</id><createdOn>2018-02-15T05:56:35.537-08:00</createdOn><updatedOn>2018-02-15T05:56:35.537-08:00</updatedOn><priceCategory><id>90d9650a36897af90136897bc93e0016</id><objectId>90d9650a36897af90136897bc93e0016</objectId><createdOn>2015-08-14T13:08:31.543-07:00</createdOn><isCriticalSystemObject>true</isCriticalSystemObject><description>SETUP</description><iconUrl>/csa/images/categories/price/setup.png</iconUrl><name>SETUP</name><displayName>SETUP</displayName><disabled>false</disabled><categoryType><id>90d9650a36897af90136897bc7c70014</id><objectId>90d9650a36897af90136897bc7c70014</objectId><isCriticalSystemObject>false</isCriticalSystemObject><description>Price Category</description><name>PRICE_CATEGORY</name><displayName>Price Category</displayName><extensible>false</extensible></categoryType></priceCategory><fixedPrice>0.0</fixedPrice><unitPrice>0.0</unitPrice><pricingComputeType><id>32787A2F288341E689BD9C4CCA5E5331</id><objectId>32787A2F288341E689BD9C4CCA5E5331</objectId><createdOn>2015-08-14T13:08:31.583-07:00</createdOn><isCriticalSystemObject>true</isCriticalSystemObject><description>STATIC</description><iconUrl></iconUrl><name>STATIC</name><displayName>STATIC</displayName><disabled>false</disabled><categoryType><id>BBBB47674CFB4535AC8792EF167C4AD7</id><objectId>BBBB47674CFB4535AC8792EF167C4AD7</objectId><isCriticalSystemObject>false</isCriticalSystemObject><description>Pricing Compute Type</description><name>PRICING_COMPUTE_TYPE</name><displayName>Pricing Compute Type</displayName><extensible>false</extensible></categoryType></pricingComputeType></pricing><pricing xmlns:xsi="http://www.w3.org/2001/XMLSchema-instance" xsi:type="recurrentPricingVO"><id>fdef53e77e9443c28f7ad62d48341acf</id><createdOn>2018-02-15T05:56:35.537-08:00</createdOn><updatedOn>2018-02-15T05:56:35.537-08:00</updatedOn><priceCategory><id>90d9650a36897af90136897bc8c10015</id><objectId>90d9650a36897af90136897bc8c10015</objectId><createdOn>2015-08-14T13:08:31.540-07:00</createdOn><isCriticalSystemObject>true</isCriticalSystemObject><description>RECURRING</description><iconUrl>/csa/images/categories/price/recurring.png</iconUrl><name>RECURRING</name><displayName>RECURRING</displayName><disabled>false</disabled><categoryType><id>90d9650a36897af90136897bc7c70014</id><objectId>90d9650a36897af90136897bc7c70014</objectId><isCriticalSystemObject>false</isCriticalSystemObject><description>Price Category</description><name>PRICE_CATEGORY</name><displayName>Price Category</displayName><extensible>false</extensible></categoryType></priceCategory><fixedPrice>0.0</fixedPrice><unitPrice>0.0</unitPrice><pricingComputeType><id>32787A2F288341E689BD9C4CCA5E5331</id><objectId>32787A2F288341E689BD9C4CCA5E5331</objectId><createdOn>2015-08-14T13:08:31.583-07:00</createdOn><isCriticalSystemObject>true</isCriticalSystemObject><description>STATIC</description><iconUrl></iconUrl><name>STATIC</name><displayName>STATIC</displayName><disabled>false</disabled><categoryType><id>BBBB47674CFB4535AC8792EF167C4AD7</id><objectId>BBBB47674CFB4535AC8792EF167C4AD7</objectId><isCriticalSystemObject>false</isCriticalSystemObject><description>Pricing Compute Type</description><name>PRICING_COMPUTE_TYPE</name><displayName>Pricing Compute Type</displayName><extensible>false</extensible></categoryType></pricingComputeType><recurrencePeriod><id>90e3e858361579e90136157a34c10041</id><objectId>90e3e858361579e90136157a34c10041</objectId><createdOn>2015-08-14T13:08:31.310-07:00</createdOn><isCriticalSystemObject>true</isCriticalSystemObject><description>Yearly</description><iconUrl>/csa/images/categories/period/year.png</iconUrl><name>YEAR</name><displayName>Yearly</displayName><disabled>false</disabled><categoryType><id>90d96588360da0c701360da0f15b009e</id><objectId>90d96588360da0c701360da0f15b009e</objectId><isCriticalSystemObject>true</isCriticalSystemObject><description>Period</description><name>PERIOD</name><displayName>Period</displayName><extensible>false</extensible></categoryType></recurrencePeriod></pricing><orderIndex>0</orderIndex></availableValues><availableValues><id>81a5fafefd54427ea04cbd5f390c00f7</id><createdOn>2018-02-15T05:56:35.537-08:00</createdOn><updatedOn>2018-02-15T05:56:35.537-08:00</updatedOn><value>Value2</value><displayName>List2</displayName><description></description><pricing xmlns:xsi="http://www.w3.org/2001/XMLSchema-instance" xsi:type="recurrentPricingVO"><id>a9171709b62b45f482b5fe6bd0e60f70</id><createdOn>2018-02-15T05:56:35.537-08:00</createdOn><updatedOn>2018-02-15T05:56:35.537-08:00</updatedOn><priceCategory><id>90d9650a36897af90136897bc8c10015</id><objectId>90d9650a36897af90136897bc8c10015</objectId><createdOn>2015-08-14T13:08:31.540-07:00</createdOn><isCriticalSystemObject>true</isCriticalSystemObject><description>RECURRING</description><iconUrl>/csa/images/categories/price/recurring.png</iconUrl><name>RECURRING</name><displayName>RECURRING</displayName><disabled>false</disabled><categoryType><id>90d9650a36897af90136897bc7c70014</id><objectId>90d9650a36897af90136897bc7c70014</objectId><isCriticalSystemObject>false</isCriticalSystemObject><description>Price Category</description><name>PRICE_CATEGORY</name><displayName>Price Category</displayName><extensible>false</extensible></categoryType></priceCategory><fixedPrice>0.0</fixedPrice><unitPrice>0.0</unitPrice><pricingComputeType><id>32787A2F288341E689BD9C4CCA5E5331</id><objectId>32787A2F288341E689BD9C4CCA5E5331</objectId><createdOn>2015-08-14T13:08:31.583-07:00</createdOn><isCriticalSystemObject>true</isCriticalSystemObject><description>STATIC</description><iconUrl></iconUrl><name>STATIC</name><displayName>STATIC</displayName><disabled>false</disabled><categoryType><id>BBBB47674CFB4535AC8792EF167C4AD7</id><objectId>BBBB47674CFB4535AC8792EF167C4AD7</objectId><isCriticalSystemObject>false</isCriticalSystemObject><description>Pricing Compute Type</description><name>PRICING_COMPUTE_TYPE</name><displayName>Pricing Compute Type</displayName><extensible>false</extensible></categoryType></pricingComputeType><recurrencePeriod><id>90e3e858361579e90136157a34c10041</id><objectId>90e3e858361579e90136157a34c10041</objectId><createdOn>2015-08-14T13:08:31.310-07:00</createdOn><isCriticalSystemObject>true</isCriticalSystemObject><description>Yearly</description><iconUrl>/csa/images/categories/period/year.png</iconUrl><name>YEAR</name><displayName>Yearly</displayName><disabled>false</disabled><categoryType><id>90d96588360da0c701360da0f15b009e</id><objectId>90d96588360da0c701360da0f15b009e</objectId><isCriticalSystemObject>true</isCriticalSystemObject><description>Period</description><name>PERIOD</name><displayName>Period</displayName><extensible>false</extensible></categoryType></recurrencePeriod></pricing><pricing xmlns:xsi="http://www.w3.org/2001/XMLSchema-instance" xsi:type="initialPricingVO"><id>86a260624eb5418298ae0eaa77f3cbd0</id><createdOn>2018-02-15T05:56:35.537-08:00</createdOn><updatedOn>2018-02-15T05:56:35.537-08:00</updatedOn><priceCategory><id>90d9650a36897af90136897bc93e0016</id><objectId>90d9650a36897af90136897bc93e0016</objectId><createdOn>2015-08-14T13:08:31.543-07:00</createdOn><isCriticalSystemObject>true</isCriticalSystemObject><description>SETUP</description><iconUrl>/csa/images/categories/price/setup.png</iconUrl><name>SETUP</name><displayName>SETUP</displayName><disabled>false</disabled><categoryType><id>90d9650a36897af90136897bc7c70014</id><objectId>90d9650a36897af90136897bc7c70014</objectId><isCriticalSystemObject>false</isCriticalSystemObject><description>Price Category</description><name>PRICE_CATEGORY</name><displayName>Price Category</displayName><extensible>false</extensible></categoryType></priceCategory><fixedPrice>0.0</fixedPrice><unitPrice>0.0</unitPrice><pricingComputeType><id>32787A2F288341E689BD9C4CCA5E5331</id><objectId>32787A2F288341E689BD9C4CCA5E5331</objectId><createdOn>2015-08-14T13:08:31.583-07:00</createdOn><isCriticalSystemObject>true</isCriticalSystemObject><description>STATIC</description><iconUrl></iconUrl><name>STATIC</name><displayName>STATIC</displayName><disabled>false</disabled><categoryType><id>BBBB47674CFB4535AC8792EF167C4AD7</id><objectId>BBBB47674CFB4535AC8792EF167C4AD7</objectId><isCriticalSystemObject>false</isCriticalSystemObject><description>Pricing Compute Type</description><name>PRICING_COMPUTE_TYPE</name><displayName>Pricing Compute Type</displayName><extensible>false</extensible></categoryType></pricingComputeType></pricing><orderIndex>1</orderIndex></availableValues></property><property><id>9264937e3be94a4e8ff94b83fa3282a8</id><objectId>9264937e3be94a4e8ff94b83fa3282a8</objectId><createdOn>2018-02-15T05:56:35.530-08:00</createdOn><updatedOn>2018-02-15T05:56:35.530-08:00</updatedOn><isCriticalSystemObject>false</isCriticalSystemObject><description></description><name>Sample String Property</name><displayName>Sample String Property</displayName><enableValidation>true</enableValidation><valueConstraint xmlns:xsi="http://www.w3.org/2001/XMLSchema-instance" xsi:type="stringValueConstraintVO"><id>36c9cfa884544963a67c9e6fd971a721</id><objectId>36c9cfa884544963a67c9e6fd971a721</objectId><createdOn>2018-02-15T05:56:35.533-08:00</createdOn><updatedOn>2018-02-15T05:56:35.533-08:00</updatedOn><isCriticalSystemObject>false</isCriticalSystemObject><valueType><id>90d96588360da0c701360da0efb50054</id><objectId>90d96588360da0c701360da0efb50054</objectId><createdOn>2015-08-14T13:08:31.117-07:00</createdOn><isCriticalSystemObject>true</isCriticalSystemObject><description>String</description><iconUrl>/csa/images/categories/value_type/string.png</iconUrl><name>STRING</name><displayName>String</displayName><disabled>false</disabled><categoryType><id>90d96588360da0c701360da0efa0004e</id><objectId>90d96588360da0c701360da0efa0004e</objectId><isCriticalSystemObject>true</isCriticalSystemObject><description>Value Type</description><name>VALUE_TYPE</name><displayName>Value Type</displayName><extensible>false</extensible></categoryType></valueType><maxLength>4000</maxLength><minLength>0</minLength></valueConstraint><valueType><id>90d96588360da0c701360da0efb50054</id><objectId>90d96588360da0c701360da0efb50054</objectId><createdOn>2015-08-14T13:08:31.117-07:00</createdOn><isCriticalSystemObject>true</isCriticalSystemObject><description>String</description><iconUrl>/csa/images/categories/value_type/string.png</iconUrl><name>STRING</name><displayName>String</displayName><disabled>false</disabled><categoryType><id>90d96588360da0c701360da0efa0004e</id><objectId>90d96588360da0c701360da0efa0004e</objectId><isCriticalSystemObject>true</isCriticalSystemObject><description>Value Type</description><name>VALUE_TYPE</name><displayName>Value Type</displayName><extensible>false</extensible></categoryType></valueType><values><id>131602bfd4554a7cbb14d35a771bea75</id><createdOn>2018-02-15T05:56:35.530-08:00</createdOn><updatedOn>2018-02-15T05:56:35.530-08:00</updatedOn><value>String Value</value><displayName>String Value</displayName><pricing xmlns:xsi="http://www.w3.org/2001/XMLSchema-instance" xsi:type="initialPricingVO"><id>fc97d67841414b65a5a7f69aff3ffb59</id><createdOn>2018-02-15T05:56:35.533-08:00</createdOn><updatedOn>2018-02-15T05:56:35.533-08:00</updatedOn><priceCategory><id>90d9650a36897af90136897bc93e0016</id><objectId>90d9650a36897af90136897bc93e0016</objectId><createdOn>2015-08-14T13:08:31.543-07:00</createdOn><isCriticalSystemObject>true</isCriticalSystemObject><description>SETUP</description><iconUrl>/csa/images/categories/price/setup.png</iconUrl><name>SETUP</name><displayName>SETUP</displayName><disabled>false</disabled><categoryType><id>90d9650a36897af90136897bc7c70014</id><objectId>90d9650a36897af90136897bc7c70014</objectId><isCriticalSystemObject>false</isCriticalSystemObject><description>Price Category</description><name>PRICE_CATEGORY</name><displayName>Price Category</displayName><extensible>false</extensible></categoryType></priceCategory><fixedPrice>0.0</fixedPrice><unitPrice>0.0</unitPrice><pricingComputeType><id>32787A2F288341E689BD9C4CCA5E5331</id><objectId>32787A2F288341E689BD9C4CCA5E5331</objectId><createdOn>2015-08-14T13:08:31.583-07:00</createdOn><isCriticalSystemObject>true</isCriticalSystemObject><description>STATIC</description><iconUrl></iconUrl><name>STATIC</name><displayName>STATIC</displayName><disabled>false</disabled><categoryType><id>BBBB47674CFB4535AC8792EF167C4AD7</id><objectId>BBBB47674CFB4535AC8792EF167C4AD7</objectId><isCriticalSystemObject>false</isCriticalSystemObject><description>Pricing Compute Type</description><name>PRICING_COMPUTE_TYPE</name><displayName>Pricing Compute Type</displayName><extensible>false</extensible></categoryType></pricingComputeType></pricing><pricing xmlns:xsi="http://www.w3.org/2001/XMLSchema-instance" xsi:type="recurrentPricingVO"><id>101b7c7805ed466ca1a368292fbc7d23</id><createdOn>2018-02-15T05:56:35.533-08:00</createdOn><updatedOn>2018-02-15T05:56:35.533-08:00</updatedOn><priceCategory><id>90d9650a36897af90136897bc8c10015</id><objectId>90d9650a36897af90136897bc8c10015</objectId><createdOn>2015-08-14T13:08:31.540-07:00</createdOn><isCriticalSystemObject>true</isCriticalSystemObject><description>RECURRING</description><iconUrl>/csa/images/categories/price/recurring.png</iconUrl><name>RECURRING</name><displayName>RECURRING</displayName><disabled>false</disabled><categoryType><id>90d9650a36897af90136897bc7c70014</id><objectId>90d9650a36897af90136897bc7c70014</objectId><isCriticalSystemObject>false</isCriticalSystemObject><description>Price Category</description><name>PRICE_CATEGORY</name><displayName>Price Category</displayName><extensible>false</extensible></categoryType></priceCategory><fixedPrice>0.0</fixedPrice><unitPrice>0.0</unitPrice><pricingComputeType><id>32787A2F288341E689BD9C4CCA5E5331</id><objectId>32787A2F288341E689BD9C4CCA5E5331</objectId><createdOn>2015-08-14T13:08:31.583-07:00</createdOn><isCriticalSystemObject>true</isCriticalSystemObject><description>STATIC</description><iconUrl></iconUrl><name>STATIC</name><displayName>STATIC</displayName><disabled>false</disabled><categoryType><id>BBBB47674CFB4535AC8792EF167C4AD7</id><objectId>BBBB47674CFB4535AC8792EF167C4AD7</objectId><isCriticalSystemObject>false</isCriticalSystemObject><description>Pricing Compute Type</description><name>PRICING_COMPUTE_TYPE</name><displayName>Pricing Compute Type</displayName><extensible>false</extensible></categoryType></pricingComputeType><recurrencePeriod><id>90e3e858361579e90136157a34c10041</id><objectId>90e3e858361579e90136157a34c10041</objectId><createdOn>2015-08-14T13:08:31.310-07:00</createdOn><isCriticalSystemObject>true</isCriticalSystemObject><description>Yearly</description><iconUrl>/csa/images/categories/period/year.png</iconUrl><name>YEAR</name><displayName>Yearly</displayName><disabled>false</disabled><categoryType><id>90d96588360da0c701360da0f15b009e</id><objectId>90d96588360da0c701360da0f15b009e</objectId><isCriticalSystemObject>true</isCriticalSystemObject><description>Period</description><name>PERIOD</name><displayName>Period</displayName><extensible>false</extensible></categoryType></recurrencePeriod></pricing><orderIndex>0</orderIndex></values><maxOccurs>1</maxOccurs><minOccurs>0</minOccurs><orderIndex>0</orderIndex><confidential>false</confidential><encrypted>false</encrypted><consumerReadOnly>false</consumerReadOnly><consumerVisible>false</consumerVisible><dynamicValueEnabled>false</dynamicValueEnabled><semanticValidationEnabled>false</semanticValidationEnabled><measurable>false</measurable><multiplied>false</multiplied><upgradeLocked>false</upgradeLocked><newPropertyOnUpgrade>false</newPropertyOnUpgrade><editable>false</editable></property><upgradeLocked>false</upgradeLocked></options><maxOccurs>1</maxOccurs><minOccurs>1</minOccurs><orderIndex>1</orderIndex><isInitialOrder>true</isInitialOrder><consumerReadOnly>false</consumerReadOnly><consumerVisible>true</consumerVisible><isAOSTopologyComponentOptionSet>false</isAOSTopologyComponentOptionSet><upgradeLocked>false</upgradeLocked></optionSets><optionSets><id>31759511f4884add9f3f00ea3d1adeb0</id><objectId>31759511f4884add9f3f00ea3d1adeb0</objectId><createdOn>2018-02-15T05:56:35.523-08:00</createdOn><updatedOn>2018-02-15T05:56:35.540-08:00</updatedOn><isCriticalSystemObject>false</isCriticalSystemObject><description>Operating System</description><iconUrl>/csa/images/library/software_component.png</iconUrl><name>473C6F2B-E6F4-5DB8-3816-64FC9097BE37</name><displayName>Option Set 1</displayName><options><id>df4ab25df52c47908bbcd1bf8dab6c9b</id><objectId>df4ab25df52c47908bbcd1bf8dab6c9b</objectId><createdOn>2018-02-15T05:56:35.527-08:00</createdOn><updatedOn>2018-02-15T05:56:35.540-08:00</updatedOn><isCriticalSystemObject>false</isCriticalSystemObject><description></description><iconUrl></iconUrl><name>5f934a7c-7bb4-aede-3b1c-5eafe73d5b11</name><displayName>Option 2</displayName><consumerReadOnly>false</consumerReadOnly><consumerVisible>true</consumerVisible><isSelected>false</isSelected><orderIndex>1</orderIndex><pricing xmlns:xsi="http://www.w3.org/2001/XMLSchema-instance" xsi:type="recurrentPricingVO"><id>ce6e8e6dd9914d2cae86026abfac4ac1</id><createdOn>2018-02-15T05:56:35.537-08:00</createdOn><updatedOn>2018-02-15T05:56:35.537-08:00</updatedOn><priceCategory><id>90d9650a36897af90136897bc8c10015</id><objectId>90d9650a36897af90136897bc8c10015</objectId><createdOn>2015-08-14T13:08:31.540-07:00</createdOn><isCriticalSystemObject>true</isCriticalSystemObject><description>RECURRING</description><iconUrl>/csa/images/categories/price/recurring.png</iconUrl><name>RECURRING</name><displayName>RECURRING</displayName><disabled>false</disabled><categoryType><id>90d9650a36897af90136897bc7c70014</id><objectId>90d9650a36897af90136897bc7c70014</objectId><isCriticalSystemObject>false</isCriticalSystemObject><description>Price Category</description><name>PRICE_CATEGORY</name><displayName>Price Category</displayName><extensible>false</extensible></categoryType></priceCategory><fixedPrice>0.0</fixedPrice><unitPrice>0.0</unitPrice><pricingComputeType><id>32787A2F288341E689BD9C4CCA5E5331</id><objectId>32787A2F288341E689BD9C4CCA5E5331</objectId><createdOn>2015-08-14T13:08:31.583-07:00</createdOn><isCriticalSystemObject>true</isCriticalSystemObject><description>STATIC</description><iconUrl></iconUrl><name>STATIC</name><displayName>STATIC</displayName><disabled>false</disabled><categoryType><id>BBBB47674CFB4535AC8792EF167C4AD7</id><objectId>BBBB47674CFB4535AC8792EF167C4AD7</objectId><isCriticalSystemObject>false</isCriticalSystemObject><description>Pricing Compute Type</description><name>PRICING_COMPUTE_TYPE</name><displayName>Pricing Compute Type</displayName><extensible>false</extensible></categoryType></pricingComputeType><recurrencePeriod><id>90e3e858361579e90136157a34c10041</id><objectId>90e3e858361579e90136157a34c10041</objectId><createdOn>2015-08-14T13:08:31.310-07:00</createdOn><isCriticalSystemObject>true</isCriticalSystemObject><description>Yearly</description><iconUrl>/csa/images/categories/period/year.png</iconUrl><name>YEAR</name><displayName>Yearly</displayName><disabled>false</disabled><categoryType><id>90d96588360da0c701360da0f15b009e</id><objectId>90d96588360da0c701360da0f15b009e</objectId><isCriticalSystemObject>true</isCriticalSystemObject><description>Period</description><name>PERIOD</name><displayName>Period</displayName><extensible>false</extensible></categoryType></recurrencePeriod></pricing><pricing xmlns:xsi="http://www.w3.org/2001/XMLSchema-instance" xsi:type="initialPricingVO"><id>9de6bb73859a451ab7c429acdc9b6afd</id><createdOn>2018-02-15T05:56:35.537-08:00</createdOn><updatedOn>2018-02-15T05:56:35.537-08:00</updatedOn><priceCategory><id>90d9650a36897af90136897bc93e0016</id><objectId>90d9650a36897af90136897bc93e0016</objectId><createdOn>2015-08-14T13:08:31.543-07:00</createdOn><isCriticalSystemObject>true</isCriticalSystemObject><description>SETUP</description><iconUrl>/csa/images/categories/price/setup.png</iconUrl><name>SETUP</name><displayName>SETUP</displayName><disabled>false</disabled><categoryType><id>90d9650a36897af90136897bc7c70014</id><objectId>90d9650a36897af90136897bc7c70014</objectId><isCriticalSystemObject>false</isCriticalSystemObject><description>Price Category</description><name>PRICE_CATEGORY</name><displayName>Price Category</displayName><extensible>false</extensible></categoryType></priceCategory><fixedPrice>0.0</fixedPrice><unitPrice>0.0</unitPrice><pricingComputeType><id>32787A2F288341E689BD9C4CCA5E5331</id><objectId>32787A2F288341E689BD9C4CCA5E5331</objectId><createdOn>2015-08-14T13:08:31.583-07:00</createdOn><isCriticalSystemObject>true</isCriticalSystemObject><description>STATIC</description><iconUrl></iconUrl><name>STATIC</name><displayName>STATIC</displayName><disabled>false</disabled><categoryType><id>BBBB47674CFB4535AC8792EF167C4AD7</id><objectId>BBBB47674CFB4535AC8792EF167C4AD7</objectId><isCriticalSystemObject>false</isCriticalSystemObject><description>Pricing Compute Type</description><name>PRICING_COMPUTE_TYPE</name><displayName>Pricing Compute Type</displayName><extensible>false</extensible></categoryType></pricingComputeType></pricing><property><id>bb50822ac2ed48bd8a40f2d75d75c7ec</id><objectId>bb50822ac2ed48bd8a40f2d75d75c7ec</objectId><createdOn>2018-02-15T05:56:35.527-08:00</createdOn><updatedOn>2018-02-15T05:56:35.527-08:00</updatedOn><isCriticalSystemObject>false</isCriticalSystemObject><description></description><name>test3</name><displayName>test3</displayName><enableValidation>true</enableValidation><valueConstraint xmlns:xsi="http://www.w3.org/2001/XMLSchema-instance" xsi:type="stringValueConstraintVO"><id>15819fa7ce9247d69fed358732ad7135</id><objectId>15819fa7ce9247d69fed358732ad7135</objectId><createdOn>2018-02-15T05:56:35.530-08:00</createdOn><updatedOn>2018-02-15T05:56:35.530-08:00</updatedOn><isCriticalSystemObject>false</isCriticalSystemObject><valueType><id>90d96588360da0c701360da0efb50054</id><objectId>90d96588360da0c701360da0efb50054</objectId><createdOn>2015-08-14T13:08:31.117-07:00</createdOn><isCriticalSystemObject>true</isCriticalSystemObject><description>String</description><iconUrl>/csa/images/categories/value_type/string.png</iconUrl><name>STRING</name><displayName>String</displayName><disabled>false</disabled><categoryType><id>90d96588360da0c701360da0efa0004e</id><objectId>90d96588360da0c701360da0efa0004e</objectId><isCriticalSystemObject>true</isCriticalSystemObject><description>Value Type</description><name>VALUE_TYPE</name><displayName>Value Type</displayName><extensible>false</extensible></categoryType></valueType><maxLength>4000</maxLength><minLength>0</minLength></valueConstraint><valueType><id>90d96588360da0c701360da0efb50054</id><objectId>90d96588360da0c701360da0efb50054</objectId><createdOn>2015-08-14T13:08:31.117-07:00</createdOn><isCriticalSystemObject>true</isCriticalSystemObject><description>String</description><iconUrl>/csa/images/categories/value_type/string.png</iconUrl><name>STRING</name><displayName>String</displayName><disabled>false</disabled><categoryType><id>90d96588360da0c701360da0efa0004e</id><objectId>90d96588360da0c701360da0efa0004e</objectId><isCriticalSystemObject>true</isCriticalSystemObject><description>Value Type</description><name>VALUE_TYPE</name><displayName>Value Type</displayName><extensible>false</extensible></categoryType></valueType><values><id>af9652735c894200854e6aa255587be6</id><createdOn>2018-02-15T05:56:35.527-08:00</createdOn><updatedOn>2018-02-15T05:56:35.527-08:00</updatedOn><value>test3</value><displayName>test3</displayName><pricing xmlns:xsi="http://www.w3.org/2001/XMLSchema-instance" xsi:type="initialPricingVO"><id>a6490590e32c4e499a26e41222c23c03</id><createdOn>2018-02-15T05:56:35.527-08:00</createdOn><updatedOn>2018-02-15T05:56:35.527-08:00</updatedOn><priceCategory><id>90d9650a36897af90136897bc93e0016</id><objectId>90d9650a36897af90136897bc93e0016</objectId><createdOn>2015-08-14T13:08:31.543-07:00</createdOn><isCriticalSystemObject>true</isCriticalSystemObject><description>SETUP</description><iconUrl>/csa/images/categories/price/setup.png</iconUrl><name>SETUP</name><displayName>SETUP</displayName><disabled>false</disabled><categoryType><id>90d9650a36897af90136897bc7c70014</id><objectId>90d9650a36897af90136897bc7c70014</objectId><isCriticalSystemObject>false</isCriticalSystemObject><description>Price Category</description><name>PRICE_CATEGORY</name><displayName>Price Category</displayName><extensible>false</extensible></categoryType></priceCategory><fixedPrice>0.0</fixedPrice><unitPrice>0.0</unitPrice><pricingComputeType><id>32787A2F288341E689BD9C4CCA5E5331</id><objectId>32787A2F288341E689BD9C4CCA5E5331</objectId><createdOn>2015-08-14T13:08:31.583-07:00</createdOn><isCriticalSystemObject>true</isCriticalSystemObject><description>STATIC</description><iconUrl></iconUrl><name>STATIC</name><displayName>STATIC</displayName><disabled>false</disabled><categoryType><id>BBBB47674CFB4535AC8792EF167C4AD7</id><objectId>BBBB47674CFB4535AC8792EF167C4AD7</objectId><isCriticalSystemObject>false</isCriticalSystemObject><description>Pricing Compute Type</description><name>PRICING_COMPUTE_TYPE</name><displayName>Pricing Compute Type</displayName><extensible>false</extensible></categoryType></pricingComputeType></pricing><pricing xmlns:xsi="http://www.w3.org/2001/XMLSchema-instance" xsi:type="recurrentPricingVO"><id>5aefb99cca734cb6bf6d99d86404bc0b</id><createdOn>2018-02-15T05:56:35.527-08:00</createdOn><updatedOn>2018-02-15T05:56:35.527-08:00</updatedOn><priceCategory><id>90d9650a36897af90136897bc8c10015</id><objectId>90d9650a36897af90136897bc8c10015</objectId><createdOn>2015-08-14T13:08:31.540-07:00</createdOn><isCriticalSystemObject>true</isCriticalSystemObject><description>RECURRING</description><iconUrl>/csa/images/categories/price/recurring.png</iconUrl><name>RECURRING</name><displayName>RECURRING</displayName><disabled>false</disabled><categoryType><id>90d9650a36897af90136897bc7c70014</id><objectId>90d9650a36897af90136897bc7c70014</objectId><isCriticalSystemObject>false</isCriticalSystemObject><description>Price Category</description><name>PRICE_CATEGORY</name><displayName>Price Category</displayName><extensible>false</extensible></categoryType></priceCategory><fixedPrice>0.0</fixedPrice><unitPrice>0.0</unitPrice><pricingComputeType><id>32787A2F288341E689BD9C4CCA5E5331</id><objectId>32787A2F288341E689BD9C4CCA5E5331</objectId><createdOn>2015-08-14T13:08:31.583-07:00</createdOn><isCriticalSystemObject>true</isCriticalSystemObject><description>STATIC</description><iconUrl></iconUrl><name>STATIC</name><displayName>STATIC</displayName><disabled>false</disabled><categoryType><id>BBBB47674CFB4535AC8792EF167C4AD7</id><objectId>BBBB47674CFB4535AC8792EF167C4AD7</objectId><isCriticalSystemObject>false</isCriticalSystemObject><description>Pricing Compute Type</description><name>PRICING_COMPUTE_TYPE</name><displayName>Pricing Compute Type</displayName><extensible>false</extensible></categoryType></pricingComputeType><recurrencePeriod><id>90e3e858361579e90136157a34c10041</id><objectId>90e3e858361579e90136157a34c10041</objectId><createdOn>2015-08-14T13:08:31.310-07:00</createdOn><isCriticalSystemObject>true</isCriticalSystemObject><description>Yearly</description><iconUrl>/csa/images/categories/period/year.png</iconUrl><name>YEAR</name><displayName>Yearly</displayName><disabled>false</disabled><categoryType><id>90d96588360da0c701360da0f15b009e</id><objectId>90d96588360da0c701360da0f15b009e</objectId><isCriticalSystemObject>true</isCriticalSystemObject><description>Period</description><name>PERIOD</name><displayName>Period</displayName><extensible>false</extensible></categoryType></recurrencePeriod></pricing><orderIndex>0</orderIndex></values><maxOccurs>1</maxOccurs><minOccurs>0</minOccurs><orderIndex>0</orderIndex><confidential>false</confidential><encrypted>false</encrypted><consumerReadOnly>false</consumerReadOnly><consumerVisible>false</consumerVisible><dynamicValueEnabled>false</dynamicValueEnabled><semanticValidationEnabled>false</semanticValidationEnabled><measurable>false</measurable><multiplied>false</multiplied><upgradeLocked>false</upgradeLocked><newPropertyOnUpgrade>false</newPropertyOnUpgrade><editable>false</editable></property><upgradeLocked>false</upgradeLocked></options><options><id>849d657a1b374327b132272070b40508</id><objectId>849d657a1b374327b132272070b40508</objectId><createdOn>2018-02-15T05:56:35.523-08:00</createdOn><updatedOn>2018-02-15T05:56:35.540-08:00</updatedOn><isCriticalSystemObject>false</isCriticalSystemObject><description>Linux Operating System</description><name>2E8493EA-9AC2-8219-29DA-64FC90978A98</name><displayName>Option 1 in Option Set 1</displayName><consumerReadOnly>false</consumerReadOnly><consumerVisible>true</consumerVisible><isSelected>true</isSelected><orderIndex>0</orderIndex><pricing xmlns:xsi="http://www.w3.org/2001/XMLSchema-instance" xsi:type="initialPricingVO"><id>561401a56ef24390a7399d488f1faf1f</id><createdOn>2018-02-15T05:56:35.537-08:00</createdOn><updatedOn>2018-02-15T05:56:35.537-08:00</updatedOn><priceCategory><id>90d9650a36897af90136897bc93e0016</id><objectId>90d9650a36897af90136897bc93e0016</objectId><createdOn>2015-08-14T13:08:31.543-07:00</createdOn><isCriticalSystemObject>true</isCriticalSystemObject><description>SETUP</description><iconUrl>/csa/images/categories/price/setup.png</iconUrl><name>SETUP</name><displayName>SETUP</displayName><disabled>false</disabled><categoryType><id>90d9650a36897af90136897bc7c70014</id><objectId>90d9650a36897af90136897bc7c70014</objectId><isCriticalSystemObject>false</isCriticalSystemObject><description>Price Category</description><name>PRICE_CATEGORY</name><displayName>Price Category</displayName><extensible>false</extensible></categoryType></priceCategory><fixedPrice>0.0</fixedPrice><unitPrice>0.0</unitPrice><pricingComputeType><id>32787A2F288341E689BD9C4CCA5E5331</id><objectId>32787A2F288341E689BD9C4CCA5E5331</objectId><createdOn>2015-08-14T13:08:31.583-07:00</createdOn><isCriticalSystemObject>true</isCriticalSystemObject><description>STATIC</description><iconUrl></iconUrl><name>STATIC</name><displayName>STATIC</displayName><disabled>false</disabled><categoryType><id>BBBB47674CFB4535AC8792EF167C4AD7</id><objectId>BBBB47674CFB4535AC8792EF167C4AD7</objectId><isCriticalSystemObject>false</isCriticalSystemObject><description>Pricing Compute Type</description><name>PRICING_COMPUTE_TYPE</name><displayName>Pricing Compute Type</displayName><extensible>false</extensible></categoryType></pricingComputeType></pricing><pricing xmlns:xsi="http://www.w3.org/2001/XMLSchema-instance" xsi:type="recurrentPricingVO"><id>a6fb95e43a2a430a8c71bc171d43e725</id><createdOn>2018-02-15T05:56:35.537-08:00</createdOn><updatedOn>2018-02-15T05:56:35.537-08:00</updatedOn><priceCategory><id>90d9650a36897af90136897bc8c10015</id><objectId>90d9650a36897af90136897bc8c10015</objectId><createdOn>2015-08-14T13:08:31.540-07:00</createdOn><isCriticalSystemObject>true</isCriticalSystemObject><description>RECURRING</description><iconUrl>/csa/images/categories/price/recurring.png</iconUrl><name>RECURRING</name><displayName>RECURRING</displayName><disabled>false</disabled><categoryType><id>90d9650a36897af90136897bc7c70014</id><objectId>90d9650a36897af90136897bc7c70014</objectId><isCriticalSystemObject>false</isCriticalSystemObject><description>Price Category</description><name>PRICE_CATEGORY</name><displayName>Price Category</displayName><extensible>false</extensible></categoryType></priceCategory><fixedPrice>0.0</fixedPrice><unitPrice>0.0</unitPrice><pricingComputeType><id>32787A2F288341E689BD9C4CCA5E5331</id><objectId>32787A2F288341E689BD9C4CCA5E5331</objectId><createdOn>2015-08-14T13:08:31.583-07:00</createdOn><isCriticalSystemObject>true</isCriticalSystemObject><description>STATIC</description><iconUrl></iconUrl><name>STATIC</name><displayName>STATIC</displayName><disabled>false</disabled><categoryType><id>BBBB47674CFB4535AC8792EF167C4AD7</id><objectId>BBBB47674CFB4535AC8792EF167C4AD7</objectId><isCriticalSystemObject>false</isCriticalSystemObject><description>Pricing Compute Type</description><name>PRICING_COMPUTE_TYPE</name><displayName>Pricing Compute Type</displayName><extensible>false</extensible></categoryType></pricingComputeType><recurrencePeriod><id>90e3e858361579e90136157a34c10041</id><objectId>90e3e858361579e90136157a34c10041</objectId><createdOn>2015-08-14T13:08:31.310-07:00</createdOn><isCriticalSystemObject>true</isCriticalSystemObject><description>Yearly</description><iconUrl>/csa/images/categories/period/year.png</iconUrl><name>YEAR</name><displayName>Yearly</displayName><disabled>false</disabled><categoryType><id>90d96588360da0c701360da0f15b009e</id><objectId>90d96588360da0c701360da0f15b009e</objectId><isCriticalSystemObject>true</isCriticalSystemObject><description>Period</description><name>PERIOD</name><displayName>Period</displayName><extensible>false</extensible></categoryType></recurrencePeriod></pricing><property><id>d51a6559226540a2901425e0c98c82b7</id><objectId>d51a6559226540a2901425e0c98c82b7</objectId><createdOn>2018-02-15T05:56:35.523-08:00</createdOn><updatedOn>2018-02-15T05:56:35.523-08:00</updatedOn><isCriticalSystemObject>false</isCriticalSystemObject><description></description><name>Sample Dynamic Property</name><displayName>Sample Dynamic Property</displayName><enableValidation>false</enableValidation><valueType><id>90d96588360da0c701360da0efb00052</id><objectId>90d96588360da0c701360da0efb00052</objectId><createdOn>2015-08-14T13:08:31.113-07:00</createdOn><isCriticalSystemObject>true</isCriticalSystemObject><description>List</description><iconUrl>/csa/images/categories/value_type/enum.png</iconUrl><name>ENUM</name><displayName>List</displayName><disabled>false</disabled><categoryType><id>90d96588360da0c701360da0efa0004e</id><objectId>90d96588360da0c701360da0efa0004e</objectId><isCriticalSystemObject>true</isCriticalSystemObject><description>Value Type</description><name>VALUE_TYPE</name><displayName>Value Type</displayName><extensible>false</extensible></categoryType></valueType><maxOccurs>1</maxOccurs><minOccurs>1</minOccurs><orderIndex>0</orderIndex><confidential>false</confidential><encrypted>false</encrypted><consumerReadOnly>false</consumerReadOnly><consumerVisible>true</consumerVisible><dynamicValueEnabled>true</dynamicValueEnabled><dynamicScriptName>sample.jsp</dynamicScriptName><dynamicScriptParameters></dynamicScriptParameters><semanticValidationEnabled>false</semanticValidationEnabled><measurable>false</measurable><multiplied>false</multiplied><upgradeLocked>false</upgradeLocked><newPropertyOnUpgrade>false</newPropertyOnUpgrade><editable>true</editable></property><property><id>b04466fd346f4a498dbe4fa7170f5875</id><objectId>b04466fd346f4a498dbe4fa7170f5875</objectId><createdOn>2018-02-15T05:56:35.527-08:00</createdOn><updatedOn>2018-02-15T05:56:35.527-08:00</updatedOn><isCriticalSystemObject>false</isCriticalSystemObject><description></description><name>Sample String Property</name><displayName>Sample String Property</displayName><enableValidation>true</enableValidation><valueConstraint xmlns:xsi="http://www.w3.org/2001/XMLSchema-instance" xsi:type="stringValueConstraintVO"><id>f9cf1e1203d34d8b99c5f6eed8fca993</id><objectId>f9cf1e1203d34d8b99c5f6eed8fca993</objectId><createdOn>2018-02-15T05:56:35.527-08:00</createdOn><updatedOn>2018-02-15T05:56:35.527-08:00</updatedOn><isCriticalSystemObject>false</isCriticalSystemObject><valueType><id>90d96588360da0c701360da0efb50054</id><objectId>90d96588360da0c701360da0efb50054</objectId><createdOn>2015-08-14T13:08:31.117-07:00</createdOn><isCriticalSystemObject>true</isCriticalSystemObject><description>String</description><iconUrl>/csa/images/categories/value_type/string.png</iconUrl><name>STRING</name><displayName>String</displayName><disabled>false</disabled><categoryType><id>90d96588360da0c701360da0efa0004e</id><objectId>90d96588360da0c701360da0efa0004e</objectId><isCriticalSystemObject>true</isCriticalSystemObject><description>Value Type</description><name>VALUE_TYPE</name><displayName>Value Type</displayName><extensible>false</extensible></categoryType></valueType><maxLength>4000</maxLength><minLength>0</minLength></valueConstraint><valueType><id>90d96588360da0c701360da0efb50054</id><objectId>90d96588360da0c701360da0efb50054</objectId><createdOn>2015-08-14T13:08:31.117-07:00</createdOn><isCriticalSystemObject>true</isCriticalSystemObject><description>String</description><iconUrl>/csa/images/categories/value_type/string.png</iconUrl><name>STRING</name><displayName>String</displayName><disabled>false</disabled><categoryType><id>90d96588360da0c701360da0efa0004e</id><objectId>90d96588360da0c701360da0efa0004e</objectId><isCriticalSystemObject>true</isCriticalSystemObject><description>Value Type</description><name>VALUE_TYPE</name><displayName>Value Type</displayName><extensible>false</extensible></categoryType></valueType><values><id>400e1040a23b4f69b31db7e73e70e554</id><createdOn>2018-02-15T05:56:35.527-08:00</createdOn><updatedOn>2018-02-15T05:56:35.527-08:00</updatedOn><value>User Input Value</value><displayName>User Input Value</displayName><pricing xmlns:xsi="http://www.w3.org/2001/XMLSchema-instance" xsi:type="recurrentPricingVO"><id>4822736bcc6541778da89392891bc65e</id><createdOn>2018-02-15T05:56:35.527-08:00</createdOn><updatedOn>2018-02-15T05:56:35.527-08:00</updatedOn><priceCategory><id>90d9650a36897af90136897bc8c10015</id><objectId>90d9650a36897af90136897bc8c10015</objectId><createdOn>2015-08-14T13:08:31.540-07:00</createdOn><isCriticalSystemObject>true</isCriticalSystemObject><description>RECURRING</description><iconUrl>/csa/images/categories/price/recurring.png</iconUrl><name>RECURRING</name><displayName>RECURRING</displayName><disabled>false</disabled><categoryType><id>90d9650a36897af90136897bc7c70014</id><objectId>90d9650a36897af90136897bc7c70014</objectId><isCriticalSystemObject>false</isCriticalSystemObject><description>Price Category</description><name>PRICE_CATEGORY</name><displayName>Price Category</displayName><extensible>false</extensible></categoryType></priceCategory><fixedPrice>0.0</fixedPrice><unitPrice>0.0</unitPrice><pricingComputeType><id>32787A2F288341E689BD9C4CCA5E5331</id><objectId>32787A2F288341E689BD9C4CCA5E5331</objectId><createdOn>2015-08-14T13:08:31.583-07:00</createdOn><isCriticalSystemObject>true</isCriticalSystemObject><description>STATIC</description><iconUrl></iconUrl><name>STATIC</name><displayName>STATIC</displayName><disabled>false</disabled><categoryType><id>BBBB47674CFB4535AC8792EF167C4AD7</id><objectId>BBBB47674CFB4535AC8792EF167C4AD7</objectId><isCriticalSystemObject>false</isCriticalSystemObject><description>Pricing Compute Type</description><name>PRICING_COMPUTE_TYPE</name><displayName>Pricing Compute Type</displayName><extensible>false</extensible></categoryType></pricingComputeType><recurrencePeriod><id>90e3e858361579e90136157a34c10041</id><objectId>90e3e858361579e90136157a34c10041</objectId><createdOn>2015-08-14T13:08:31.310-07:00</createdOn><isCriticalSystemObject>true</isCriticalSystemObject><description>Yearly</description><iconUrl>/csa/images/categories/period/year.png</iconUrl><name>YEAR</name><displayName>Yearly</displayName><disabled>false</disabled><categoryType><id>90d96588360da0c701360da0f15b009e</id><objectId>90d96588360da0c701360da0f15b009e</objectId><isCriticalSystemObject>true</isCriticalSystemObject><description>Period</description><name>PERIOD</name><displayName>Period</displayName><extensible>false</extensible></categoryType></recurrencePeriod></pricing><pricing xmlns:xsi="http://www.w3.org/2001/XMLSchema-instance" xsi:type="initialPricingVO"><id>f6a2b73a3bd544a6ba3cdbbe3c1af4a4</id><createdOn>2018-02-15T05:56:35.527-08:00</createdOn><updatedOn>2018-02-15T05:56:35.527-08:00</updatedOn><priceCategory><id>90d9650a36897af90136897bc93e0016</id><objectId>90d9650a36897af90136897bc93e0016</objectId><createdOn>2015-08-14T13:08:31.543-07:00</createdOn><isCriticalSystemObject>true</isCriticalSystemObject><description>SETUP</description><iconUrl>/csa/images/categories/price/setup.png</iconUrl><name>SETUP</name><displayName>SETUP</displayName><disabled>false</disabled><categoryType><id>90d9650a36897af90136897bc7c70014</id><objectId>90d9650a36897af90136897bc7c70014</objectId><isCriticalSystemObject>false</isCriticalSystemObject><description>Price Category</description><name>PRICE_CATEGORY</name><displayName>Price Category</displayName><extensible>false</extensible></categoryType></priceCategory><fixedPrice>0.0</fixedPrice><unitPrice>0.0</unitPrice><pricingComputeType><id>32787A2F288341E689BD9C4CCA5E5331</id><objectId>32787A2F288341E689BD9C4CCA5E5331</objectId><createdOn>2015-08-14T13:08:31.583-07:00</createdOn><isCriticalSystemObject>true</isCriticalSystemObject><description>STATIC</description><iconUrl></iconUrl><name>STATIC</name><displayName>STATIC</displayName><disabled>false</disabled><categoryType><id>BBBB47674CFB4535AC8792EF167C4AD7</id><objectId>BBBB47674CFB4535AC8792EF167C4AD7</objectId><isCriticalSystemObject>false</isCriticalSystemObject><description>Pricing Compute Type</description><name>PRICING_COMPUTE_TYPE</name><displayName>Pricing Compute Type</displayName><extensible>false</extensible></categoryType></pricingComputeType></pricing><orderIndex>0</orderIndex></values><maxOccurs>1</maxOccurs><minOccurs>1</minOccurs><orderIndex>1</orderIndex><confidential>false</confidential><encrypted>false</encrypted><consumerReadOnly>false</consumerReadOnly><consumerVisible>true</consumerVisible><dynamicValueEnabled>false</dynamicValueEnabled><semanticValidationEnabled>false</semanticValidationEnabled><measurable>false</measurable><multiplied>false</multiplied><upgradeLocked>false</upgradeLocked><newPropertyOnUpgrade>false</newPropertyOnUpgrade><editable>true</editable></property><upgradeLocked>false</upgradeLocked></options><maxOccurs>1</maxOccurs><minOccurs>1</minOccurs><orderIndex>0</orderIndex><isInitialOrder>true</isInitialOrder><consumerReadOnly>false</consumerReadOnly><consumerVisible>true</consumerVisible><isAOSTopologyComponentOptionSet>false</isAOSTopologyComponentOptionSet><upgradeLocked>false</upgradeLocked></optionSets><upgradeLocked>false</upgradeLocked></optionModel><action><id>5893396a30474744a6b482189c6a474d</id><objectId>5893396a30474744a6b482189c6a474d</objectId><createdOn>2018-02-15T05:56:35.737-08:00</createdOn><updatedOn>2018-02-15T05:56:35.737-08:00</updatedOn><isCriticalSystemObject>false</isCriticalSystemObject><description>Order Service Offering Action allows consumers to order services available in their catalog. Service Consumers can specify the name and description of the subscription, as well as the delivery and component configuration options.</description><name>ORDER</name><displayName>Order</displayName><errorOnTimeout>false</errorOnTimeout><failOnError>false</failOnError><processDefinition><id>90d965193655833f013655836f650020</id><objectId>90d965193655833f013655836f650020</objectId><isCriticalSystemObject>true</isCriticalSystemObject><description>Order Service Offering</description><name>ORDER_OFFERING_DEFINITION</name><displayName>Order Service Offering</displayName></processDefinition><timeout>0</timeout><property><id>6ffddaea4ca9453abd198ee24196ae98</id><objectId>6ffddaea4ca9453abd198ee24196ae98</objectId><createdOn>2018-02-15T05:56:35.737-08:00</createdOn><updatedOn>2018-02-15T05:56:35.737-08:00</updatedOn><isCriticalSystemObject>false</isCriticalSystemObject><name>OWNER_GROUP</name><displayName>OWNER_GROUP</displayName><valueType><id>90d96588360da0c701360da0efb50054</id><objectId>90d96588360da0c701360da0efb50054</objectId><createdOn>2015-08-14T13:08:31.117-07:00</createdOn><isCriticalSystemObject>true</isCriticalSystemObject><description>String</description><iconUrl>/csa/images/categories/value_type/string.png</iconUrl><name>STRING</name><displayName>String</displayName><disabled>false</disabled><categoryType><id>90d96588360da0c701360da0efa0004e</id><objectId>90d96588360da0c701360da0efa0004e</objectId><isCriticalSystemObject>true</isCriticalSystemObject><description>Value Type</description><name>VALUE_TYPE</name><displayName>Value Type</displayName><extensible>false</extensible></categoryType></valueType><maxOccurs>1</maxOccurs><minOccurs>0</minOccurs><orderIndex>-1</orderIndex><confidential>false</confidential><encrypted>false</encrypted><consumerReadOnly>false</consumerReadOnly><consumerVisible>true</consumerVisible><measurable>false</measurable><multiplied>false</multiplied><upgradeLocked>false</upgradeLocked><newPropertyOnUpgrade>false</newPropertyOnUpgrade></property><property><id>842e7d99f7504365a5c1926eeab71042</id><objectId>842e7d99f7504365a5c1926eeab71042</objectId><createdOn>2018-02-15T05:56:35.740-08:00</createdOn><updatedOn>2018-02-15T05:56:35.740-08:00</updatedOn><isCriticalSystemObject>false</isCriticalSystemObject><name>GROUP_OWNED_TYPE</name><displayName>GROUP_OWNED_TYPE</displayName><valueType><id>90d96588360da0c701360da0efb00052</id><objectId>90d96588360da0c701360da0efb00052</objectId><createdOn>2015-08-14T13:08:31.113-07:00</createdOn><isCriticalSystemObject>true</isCriticalSystemObject><description>List</description><iconUrl>/csa/images/categories/value_type/enum.png</iconUrl><name>ENUM</name><displayName>List</displayName><disabled>false</disabled><categoryType><id>90d96588360da0c701360da0efa0004e</id><objectId>90d96588360da0c701360da0efa0004e</objectId><isCriticalSystemObject>true</isCriticalSystemObject><description>Value Type</description><name>VALUE_TYPE</name><displayName>Value Type</displayName><extensible>false</extensible></categoryType></valueType><maxOccurs>1</maxOccurs><minOccurs>0</minOccurs><orderIndex>-1</orderIndex><confidential>false</confidential><encrypted>false</encrypted><consumerReadOnly>false</consumerReadOnly><consumerVisible>true</consumerVisible><measurable>false</measurable><multiplied>false</multiplied><upgradeLocked>false</upgradeLocked><newPropertyOnUpgrade>false</newPropertyOnUpgrade></property><property><id>e3db8fe2532f40b280d761f057b9d32b</id><objectId>e3db8fe2532f40b280d761f057b9d32b</objectId><createdOn>2018-02-15T05:56:35.740-08:00</createdOn><updatedOn>2018-02-15T05:56:35.740-08:00</updatedOn><isCriticalSystemObject>false</isCriticalSystemObject><name>SERVICE_DESCRIPTION</name><displayName>SERVICE_DESCRIPTION</displayName><valueType><id>90d96588360da0c701360da0efb50054</id><objectId>90d96588360da0c701360da0efb50054</objectId><createdOn>2015-08-14T13:08:31.117-07:00</createdOn><isCriticalSystemObject>true</isCriticalSystemObject><description>String</description><iconUrl>/csa/images/categories/value_type/string.png</iconUrl><name>STRING</name><displayName>String</displayName><disabled>false</disabled><categoryType><id>90d96588360da0c701360da0efa0004e</id><objectId>90d96588360da0c701360da0efa0004e</objectId><isCriticalSystemObject>true</isCriticalSystemObject><description>Value Type</description><name>VALUE_TYPE</name><displayName>Value Type</displayName><extensible>false</extensible></categoryType></valueType><values><id>89cc66f2b1dd4445a52a3d95c701b328</id><createdOn>2018-02-15T05:56:35.740-08:00</createdOn><updatedOn>2018-02-15T05:56:35.740-08:00</updatedOn><value></value><orderIndex>-1</orderIndex></values><maxOccurs>1</maxOccurs><minOccurs>0</minOccurs><orderIndex>-1</orderIndex><confidential>false</confidential><encrypted>false</encrypted><consumerReadOnly>false</consumerReadOnly><consumerVisible>true</consumerVisible><measurable>false</measurable><multiplied>false</multiplied><upgradeLocked>false</upgradeLocked><newPropertyOnUpgrade>false</newPropertyOnUpgrade></property><property><id>76219183bbc54edc99f6a2fae4b9be82</id><objectId>76219183bbc54edc99f6a2fae4b9be82</objectId><createdOn>2018-02-15T05:56:35.740-08:00</createdOn><updatedOn>2018-02-15T05:56:35.740-08:00</updatedOn><isCriticalSystemObject>false</isCriticalSystemObject><name>CATEGORY</name><displayName>CATEGORY</displayName><valueType><id>90d96588360da0c701360da0efb50054</id><objectId>90d96588360da0c701360da0efb50054</objectId><createdOn>2015-08-14T13:08:31.117-07:00</createdOn><isCriticalSystemObject>true</isCriticalSystemObject><description>String</description><iconUrl>/csa/images/categories/value_type/string.png</iconUrl><name>STRING</name><displayName>String</displayName><disabled>false</disabled><categoryType><id>90d96588360da0c701360da0efa0004e</id><objectId>90d96588360da0c701360da0efa0004e</objectId><isCriticalSystemObject>true</isCriticalSystemObject><description>Value Type</description><name>VALUE_TYPE</name><displayName>Value Type</displayName><extensible>false</extensible></categoryType></valueType><maxOccurs>1</maxOccurs><minOccurs>0</minOccurs><orderIndex>-1</orderIndex><confidential>false</confidential><encrypted>false</encrypted><consumerReadOnly>false</consumerReadOnly><consumerVisible>true</consumerVisible><measurable>false</measurable><multiplied>false</multiplied><upgradeLocked>false</upgradeLocked><newPropertyOnUpgrade>false</newPropertyOnUpgrade></property><property><id>f580a32957a1438d8bb892ff2a9f8b34</id><objectId>f580a32957a1438d8bb892ff2a9f8b34</objectId><createdOn>2018-02-15T05:56:35.740-08:00</createdOn><updatedOn>2018-02-15T05:56:35.740-08:00</updatedOn><isCriticalSystemObject>false</isCriticalSystemObject><name>SERVICE_NAME</name><displayName>SERVICE_NAME</displayName><valueType><id>90d96588360da0c701360da0efb50054</id><objectId>90d96588360da0c701360da0efb50054</objectId><createdOn>2015-08-14T13:08:31.117-07:00</createdOn><isCriticalSystemObject>true</isCriticalSystemObject><description>String</description><iconUrl>/csa/images/categories/value_type/string.png</iconUrl><name>STRING</name><displayName>String</displayName><disabled>false</disabled><categoryType><id>90d96588360da0c701360da0efa0004e</id><objectId>90d96588360da0c701360da0efa0004e</objectId><isCriticalSystemObject>true</isCriticalSystemObject><description>Value Type</description><name>VALUE_TYPE</name><displayName>Value Type</displayName><extensible>false</extensible></categoryType></valueType><maxOccurs>1</maxOccurs><minOccurs>1</minOccurs><orderIndex>-1</orderIndex><confidential>false</confidential><encrypted>false</encrypted><consumerReadOnly>false</consumerReadOnly><consumerVisible>true</consumerVisible><measurable>false</measurable><multiplied>false</multiplied><upgradeLocked>false</upgradeLocked><newPropertyOnUpgrade>false</newPropertyOnUpgrade></property><property><id>824d057b3c924cb88826abf1859b0a06</id><objectId>824d057b3c924cb88826abf1859b0a06</objectId><createdOn>2018-02-15T05:56:35.737-08:00</createdOn><updatedOn>2018-02-15T05:56:35.737-08:00</updatedOn><isCriticalSystemObject>false</isCriticalSystemObject><name>END_DATE</name><displayName>END_DATE</displayName><valueType><id>90d96588360da0c701360da0efa90050</id><objectId>90d96588360da0c701360da0efa90050</objectId><createdOn>2015-08-14T13:08:31.113-07:00</createdOn><isCriticalSystemObject>true</isCriticalSystemObject><description>Date</description><iconUrl>/csa/images/categories/value_type/date.png</iconUrl><name>DATE</name><displayName>Date</displayName><disabled>false</disabled><categoryType><id>90d96588360da0c701360da0efa0004e</id><objectId>90d96588360da0c701360da0efa0004e</objectId><isCriticalSystemObject>true</isCriticalSystemObject><description>Value Type</description><name>VALUE_TYPE</name><displayName>Value Type</displayName><extensible>false</extensible></categoryType></valueType><maxOccurs>1</maxOccurs><minOccurs>0</minOccurs><orderIndex>-1</orderIndex><confidential>false</confidential><encrypted>false</encrypted><consumerReadOnly>false</consumerReadOnly><consumerVisible>true</consumerVisible><measurable>false</measurable><multiplied>false</multiplied><upgradeLocked>false</upgradeLocked><newPropertyOnUpgrade>false</newPropertyOnUpgrade></property><property><id>289858bfab44455d8dfc3640ca9ab629</id><objectId>289858bfab44455d8dfc3640ca9ab629</objectId><createdOn>2018-02-15T05:56:35.740-08:00</createdOn><updatedOn>2018-02-15T05:56:35.740-08:00</updatedOn><isCriticalSystemObject>false</isCriticalSystemObject><name>SUBSCRIPTION_ID</name><displayName>SUBSCRIPTION_ID</displayName><valueType><id>90d96588360da0c701360da0efb50054</id><objectId>90d96588360da0c701360da0efb50054</objectId><createdOn>2015-08-14T13:08:31.117-07:00</createdOn><isCriticalSystemObject>true</isCriticalSystemObject><description>String</description><iconUrl>/csa/images/categories/value_type/string.png</iconUrl><name>STRING</name><displayName>String</displayName><disabled>false</disabled><categoryType><id>90d96588360da0c701360da0efa0004e</id><objectId>90d96588360da0c701360da0efa0004e</objectId><isCriticalSystemObject>true</isCriticalSystemObject><description>Value Type</description><name>VALUE_TYPE</name><displayName>Value Type</displayName><extensible>false</extensible></categoryType></valueType><maxOccurs>1</maxOccurs><minOccurs>0</minOccurs><orderIndex>-1</orderIndex><confidential>false</confidential><encrypted>false</encrypted><consumerReadOnly>true</consumerReadOnly><consumerVisible>true</consumerVisible><measurable>false</measurable><multiplied>false</multiplied><upgradeLocked>false</upgradeLocked><newPropertyOnUpgrade>false</newPropertyOnUpgrade></property><property><id>b0e736c8434942b2a262d3c918a6a276</id><objectId>b0e736c8434942b2a262d3c918a6a276</objectId><createdOn>2018-02-15T05:56:35.740-08:00</createdOn><updatedOn>2018-02-15T05:56:35.740-08:00</updatedOn><isCriticalSystemObject>false</isCriticalSystemObject><name>OWNER_GROUPS</name><displayName>OWNER_GROUPS</displayName><valueType><id>90d96588360da0c701360da0efb00052</id><objectId>90d96588360da0c701360da0efb00052</objectId><createdOn>2015-08-14T13:08:31.113-07:00</createdOn><isCriticalSystemObject>true</isCriticalSystemObject><description>List</description><iconUrl>/csa/images/categories/value_type/enum.png</iconUrl><name>ENUM</name><displayName>List</displayName><disabled>false</disabled><categoryType><id>90d96588360da0c701360da0efa0004e</id><objectId>90d96588360da0c701360da0efa0004e</objectId><isCriticalSystemObject>true</isCriticalSystemObject><description>Value Type</description><name>VALUE_TYPE</name><displayName>Value Type</displayName><extensible>false</extensible></categoryType></valueType><maxOccurs>1</maxOccurs><minOccurs>0</minOccurs><orderIndex>-1</orderIndex><confidential>false</confidential><encrypted>false</encrypted><consumerReadOnly>false</consumerReadOnly><consumerVisible>true</consumerVisible><measurable>false</measurable><multiplied>false</multiplied><upgradeLocked>false</upgradeLocked><newPropertyOnUpgrade>false</newPropertyOnUpgrade></property><property><id>28d097cd6d5e4664a0b2d4b2014f3f70</id><objectId>28d097cd6d5e4664a0b2d4b2014f3f70</objectId><createdOn>2018-02-15T05:56:35.740-08:00</createdOn><updatedOn>2018-02-15T05:56:35.740-08:00</updatedOn><isCriticalSystemObject>false</isCriticalSystemObject><name>OPTION_MODEL</name><displayName>OPTION_MODEL</displayName><valueType><id>90d96588360da0c701360da0efb80055</id><objectId>90d96588360da0c701360da0efb80055</objectId><createdOn>2015-08-14T13:08:31.117-07:00</createdOn><isCriticalSystemObject>true</isCriticalSystemObject><description>Option</description><iconUrl>/csa/images/categories/value_type/option.png</iconUrl><name>OPTION</name><displayName>Option</displayName><disabled>false</disabled><categoryType><id>90d96588360da0c701360da0efa0004e</id><objectId>90d96588360da0c701360da0efa0004e</objectId><isCriticalSystemObject>true</isCriticalSystemObject><description>Value Type</description><name>VALUE_TYPE</name><displayName>Value Type</displayName><extensible>false</extensible></categoryType></valueType><values><id>01071b3d25b54bc4a0f8371bc8c2a831</id><createdOn>2018-02-15T05:56:35.740-08:00</createdOn><updatedOn>2018-02-15T05:56:35.740-08:00</updatedOn><value>a316d4a0b54a43a1a25f5c85f7dacbab</value><orderIndex>-1</orderIndex></values><maxOccurs>1</maxOccurs><minOccurs>0</minOccurs><orderIndex>-1</orderIndex><confidential>false</confidential><encrypted>false</encrypted><consumerReadOnly>false</consumerReadOnly><consumerVisible>true</consumerVisible><measurable>false</measurable><multiplied>false</multiplied><upgradeLocked>false</upgradeLocked><newPropertyOnUpgrade>false</newPropertyOnUpgrade></property><property><id>70cf760d24cd4629a7bda2c1129ff2dc</id><objectId>70cf760d24cd4629a7bda2c1129ff2dc</objectId><createdOn>2018-02-15T05:56:35.737-08:00</createdOn><updatedOn>2018-02-15T05:56:35.737-08:00</updatedOn><isCriticalSystemObject>false</isCriticalSystemObject><name>START_DATE</name><displayName>START_DATE</displayName><valueType><id>90d96588360da0c701360da0efa90050</id><objectId>90d96588360da0c701360da0efa90050</objectId><createdOn>2015-08-14T13:08:31.113-07:00</createdOn><isCriticalSystemObject>true</isCriticalSystemObject><description>Date</description><iconUrl>/csa/images/categories/value_type/date.png</iconUrl><name>DATE</name><displayName>Date</displayName><disabled>false</disabled><categoryType><id>90d96588360da0c701360da0efa0004e</id><objectId>90d96588360da0c701360da0efa0004e</objectId><isCriticalSystemObject>true</isCriticalSystemObject><description>Value Type</description><name>VALUE_TYPE</name><displayName>Value Type</displayName><extensible>false</extensible></categoryType></valueType><maxOccurs>1</maxOccurs><minOccurs>1</minOccurs><orderIndex>-1</orderIndex><confidential>false</confidential><encrypted>false</encrypted><consumerReadOnly>false</consumerReadOnly><consumerVisible>true</consumerVisible><measurable>false</measurable><multiplied>false</multiplied><upgradeLocked>false</upgradeLocked><newPropertyOnUpgrade>false</newPropertyOnUpgrade></property><consumerVisible>true</consumerVisible><executeAtUpgrade>false</executeAtUpgrade><upgradeLocked>false</upgradeLocked></action><artifactType><id>90d96588360da0c701360da0eecb001b</id><objectId>90d96588360da0c701360da0eecb001b</objectId><createdOn>2015-08-14T13:08:31.247-07:00</createdOn><isCriticalSystemObject>true</isCriticalSystemObject><description>Service Offering</description><iconUrl>/csa/images/categories/artifact_type/service_offering.png</iconUrl><name>SERVICE_OFFERING</name><displayName>Service Offering</displayName><disabled>false</disabled><categoryType><id>90d96588360da0c701360da0eeb40017</id><objectId>90d96588360da0c701360da0eeb40017</objectId><isCriticalSystemObject>true</isCriticalSystemObject><description>Artifact Type</description><name>ARTIFACT_TYPE</name><displayName>Artifact Type</displayName><extensible>false</extensible></categoryType></artifactType><ownedBy><id>90d96588360da0c701360da0f15b009e</id><objectId>90d96588360da0c701360da0f15b009e</objectId><isCriticalSystemObject>true</isCriticalSystemObject><description>Provider Organization</description><iconUrl>/csa/images/library/brand_logo.png</iconUrl><name>Provider</name><displayName>Provider</displayName><disabled>false</disabled><validUpgrade>false</validUpgrade><portalAllowAdvGrpOwnedSubscr>true</portalAllowAdvGrpOwnedSubscr></ownedBy><disabled>false</disabled><validUpgrade>false</validUpgrade><serviceBlueprint><id>8a828d846193f3b7016199bf2ca46ff2</id><objectId>8a828d846193f3b7016199bf2ca46ff2</objectId><isCriticalSystemObject>false</isCriticalSystemObject><description>Provisions simple compute server using vCenter and installs SA agent on to the server and deploys Software Policies to the provisioned server.</description><iconUrl>/csa/images/library/vmware_vcenter.png</iconUrl><name>958d4d1f-dde4-43ba-8cd3-be1afe6ed958</name><displayName>Demo Design for Simplified API</displayName><disabled>false</disabled><validUpgrade>false</validUpgrade><isPartial>false</isPartial><valid>false</valid><published>true</published><graph>true</graph></serviceBlueprint><serviceOfferingType><id>90d96587340ha8c701360da0ef8d0041</id><objectId>90d96587340ha8c701360da0ef8d0041</objectId><createdOn>2015-08-14T13:08:31.110-07:00</createdOn><isCriticalSystemObject>true</isCriticalSystemObject><description>Service Offering</description><iconUrl>/csa/images/categories/service_offering_type/service_offering.png</iconUrl><name>SERVICE_OFFERING</name><displayName>Service Offering</displayName><disabled>false</disabled><categoryType><id>90d96578320da0170136uda0ef880049</id><objectId>90d96578320da0170136uda0ef880049</objectId><isCriticalSystemObject>true</isCriticalSystemObject><description>Service Offering Type</description><name>SERVICE_OFFERING_TYPE</name><displayName>Service Offering Type</displayName><extensible>false</extensible></categoryType></serviceOfferingType><containerId>76bad6989b0e4bbdb57bd69be843e3f4</containerId><offeringVersion>1.0.0</offeringVersion><pricingModel><id>6ccc7cfac3a240548ff873feac1316f9</id><objectId>6ccc7cfac3a240548ff873feac1316f9</objectId><createdOn>2018-02-15T05:56:35.483-08:00</createdOn><updatedOn>2018-02-15T05:56:35.483-08:00</updatedOn><isCriticalSystemObject>false</isCriticalSystemObject><currency><id>10e3e858361579e90136157a443c00b8</id><objectId>10e3e858361579e90136157a443c00b8</objectId><createdOn>2015-08-14T13:08:31.503-07:00</createdOn><isCriticalSystemObject>false</isCriticalSystemObject><description>USD</description><iconUrl>/csa/images/categories/currency/usd.png</iconUrl><name>USD</name><displayName>USD</displayName><disabled>false</disabled><categoryType><id>9055b4f23629b338013629b37c00003b</id><objectId>9055b4f23629b338013629b37c00003b</objectId><isCriticalSystemObject>true</isCriticalSystemObject><description>Currency</description><name>CURRENCY</name><displayName>Currency</displayName><extensible>true</extensible></categoryType></currency><priceAdjustmentMultiplier>1.0</priceAdjustmentMultiplier><pricingExternal>false</pricingExternal><recurrencePeriod><id>90e3e858361579e90136157a34c10041</id><objectId>90e3e858361579e90136157a34c10041</objectId><createdOn>2015-08-14T13:08:31.310-07:00</createdOn><isCriticalSystemObject>true</isCriticalSystemObject><description>Yearly</description><iconUrl>/csa/images/categories/period/year.png</iconUrl><name>YEAR</name><displayName>Yearly</displayName><disabled>false</disabled><categoryType><id>90d96588360da0c701360da0f15b009e</id><objectId>90d96588360da0c701360da0f15b009e</objectId><isCriticalSystemObject>true</isCriticalSystemObject><description>Period</description><name>PERIOD</name><displayName>Period</displayName><extensible>false</extensible></categoryType></recurrencePeriod></pricingModel><offeringState><id>90d96588360da0c701360da0ef8d004a</id><objectId>90d96588360da0c701360da0ef8d004a</objectId><createdOn>2015-08-14T13:08:31.110-07:00</createdOn><isCriticalSystemObject>true</isCriticalSystemObject><description>Draft</description><iconUrl>/csa/images/categories/service_offering_state/draft.png</iconUrl><name>DRAFT</name><displayName>Draft</displayName><disabled>false</disabled><categoryType><id>90d96588360da0c701360da0ef880049</id><objectId>90d96588360da0c701360da0ef880049</objectId><isCriticalSystemObject>true</isCriticalSystemObject><description>Service Offering State</description><name>SERVICE_OFFERING_STATE</name><displayName>Service Offering State</displayName><extensible>false</extensible></categoryType></offeringState><basePrice xmlns:xsi="http://www.w3.org/2001/XMLSchema-instance" xsi:type="initialPricingVO"><id>1f64f3009191499ab0756ec0cb9049b0</id><createdOn>2018-02-15T05:56:35.483-08:00</createdOn><updatedOn>2018-02-15T05:56:35.483-08:00</updatedOn><priceCategory><id>90d9650a36897af90136897bc93e0016</id><objectId>90d9650a36897af90136897bc93e0016</objectId><createdOn>2015-08-14T13:08:31.543-07:00</createdOn><isCriticalSystemObject>true</isCriticalSystemObject><description>SETUP</description><iconUrl>/csa/images/categories/price/setup.png</iconUrl><name>SETUP</name><displayName>SETUP</displayName><disabled>false</disabled><categoryType><id>90d9650a36897af90136897bc7c70014</id><objectId>90d9650a36897af90136897bc7c70014</objectId><isCriticalSystemObject>false</isCriticalSystemObject><description>Price Category</description><name>PRICE_CATEGORY</name><displayName>Price Category</displayName><extensible>false</extensible></categoryType></priceCategory><fixedPrice>0.0</fixedPrice><unitPrice>0.0</unitPrice><pricingComputeType><id>32787A2F288341E689BD9C4CCA5E5331</id><objectId>32787A2F288341E689BD9C4CCA5E5331</objectId><createdOn>2015-08-14T13:08:31.583-07:00</createdOn><isCriticalSystemObject>true</isCriticalSystemObject><description>STATIC</description><iconUrl></iconUrl><name>STATIC</name><displayName>STATIC</displayName><disabled>false</disabled><categoryType><id>BBBB47674CFB4535AC8792EF167C4AD7</id><objectId>BBBB47674CFB4535AC8792EF167C4AD7</objectId><isCriticalSystemObject>false</isCriticalSystemObject><description>Pricing Compute Type</description><name>PRICING_COMPUTE_TYPE</name><displayName>Pricing Compute Type</displayName><extensible>false</extensible></categoryType></pricingComputeType></basePrice><basePrice xmlns:xsi="http://www.w3.org/2001/XMLSchema-instance" xsi:type="recurrentPricingVO"><id>8c1c569256b940ad803c7fac15be984c</id><createdOn>2018-02-15T05:56:35.483-08:00</createdOn><updatedOn>2018-02-15T05:56:35.483-08:00</updatedOn><priceCategory><id>90d9650a36897af90136897bc8c10015</id><objectId>90d9650a36897af90136897bc8c10015</objectId><createdOn>2015-08-14T13:08:31.540-07:00</createdOn><isCriticalSystemObject>true</isCriticalSystemObject><description>RECURRING</description><iconUrl>/csa/images/categories/price/recurring.png</iconUrl><name>RECURRING</name><displayName>RECURRING</displayName><disabled>false</disabled><categoryType><id>90d9650a36897af90136897bc7c70014</id><objectId>90d9650a36897af90136897bc7c70014</objectId><isCriticalSystemObject>false</isCriticalSystemObject><description>Price Category</description><name>PRICE_CATEGORY</name><displayName>Price Category</displayName><extensible>false</extensible></categoryType></priceCategory><fixedPrice>0.0</fixedPrice><unitPrice>0.0</unitPrice><pricingComputeType><id>32787A2F288341E689BD9C4CCA5E5331</id><objectId>32787A2F288341E689BD9C4CCA5E5331</objectId><createdOn>2015-08-14T13:08:31.583-07:00</createdOn><isCriticalSystemObject>true</isCriticalSystemObject><description>STATIC</description><iconUrl></iconUrl><name>STATIC</name><displayName>STATIC</displayName><disabled>false</disabled><categoryType><id>BBBB47674CFB4535AC8792EF167C4AD7</id><objectId>BBBB47674CFB4535AC8792EF167C4AD7</objectId><isCriticalSystemObject>false</isCriticalSystemObject><description>Pricing Compute Type</description><name>PRICING_COMPUTE_TYPE</name><displayName>Pricing Compute Type</displayName><extensible>false</extensible></categoryType></pricingComputeType><recurrencePeriod><id>90e3e858361579e90136157a34c10041</id><objectId>90e3e858361579e90136157a34c10041</objectId><createdOn>2015-08-14T13:08:31.310-07:00</createdOn><isCriticalSystemObject>true</isCriticalSystemObject><description>Yearly</description><iconUrl>/csa/images/categories/period/year.png</iconUrl><name>YEAR</name><displayName>Yearly</displayName><disabled>false</disabled><categoryType><id>90d96588360da0c701360da0f15b009e</id><objectId>90d96588360da0c701360da0f15b009e</objectId><isCriticalSystemObject>true</isCriticalSystemObject><description>Period</description><name>PERIOD</name><displayName>Period</displayName><extensible>false</extensible></categoryType></recurrencePeriod></basePrice><defaultPrice xmlns:xsi="http://www.w3.org/2001/XMLSchema-instance" xsi:type="recurrentPricingVO"><id>d607185c27f54009a4d63d420a356318</id><createdOn>2018-02-15T05:56:35.483-08:00</createdOn><updatedOn>2018-02-15T05:56:35.483-08:00</updatedOn><priceCategory><id>90d9650a36897af90136897bc8c10015</id><objectId>90d9650a36897af90136897bc8c10015</objectId><createdOn>2015-08-14T13:08:31.540-07:00</createdOn><isCriticalSystemObject>true</isCriticalSystemObject><description>RECURRING</description><iconUrl>/csa/images/categories/price/recurring.png</iconUrl><name>RECURRING</name><displayName>RECURRING</displayName><disabled>false</disabled><categoryType><id>90d9650a36897af90136897bc7c70014</id><objectId>90d9650a36897af90136897bc7c70014</objectId><isCriticalSystemObject>false</isCriticalSystemObject><description>Price Category</description><name>PRICE_CATEGORY</name><displayName>Price Category</displayName><extensible>false</extensible></categoryType></priceCategory><fixedPrice>0.0</fixedPrice><unitPrice>0.0</unitPrice><pricingComputeType><id>32787A2F288341E689BD9C4CCA5E5331</id><objectId>32787A2F288341E689BD9C4CCA5E5331</objectId><createdOn>2015-08-14T13:08:31.583-07:00</createdOn><isCriticalSystemObject>true</isCriticalSystemObject><description>STATIC</description><iconUrl></iconUrl><name>STATIC</name><displayName>STATIC</displayName><disabled>false</disabled><categoryType><id>BBBB47674CFB4535AC8792EF167C4AD7</id><objectId>BBBB47674CFB4535AC8792EF167C4AD7</objectId><isCriticalSystemObject>false</isCriticalSystemObject><description>Pricing Compute Type</description><name>PRICING_COMPUTE_TYPE</name><displayName>Pricing Compute Type</displayName><extensible>false</extensible></categoryType></pricingComputeType><recurrencePeriod><id>90e3e858361579e90136157a34c10041</id><objectId>90e3e858361579e90136157a34c10041</objectId><createdOn>2015-08-14T13:08:31.310-07:00</createdOn><isCriticalSystemObject>true</isCriticalSystemObject><description>Yearly</description><iconUrl>/csa/images/categories/period/year.png</iconUrl><name>YEAR</name><displayName>Yearly</displayName><disabled>false</disabled><categoryType><id>90d96588360da0c701360da0f15b009e</id><objectId>90d96588360da0c701360da0f15b009e</objectId><isCriticalSystemObject>true</isCriticalSystemObject><description>Period</description><name>PERIOD</name><displayName>Period</displayName><extensible>false</extensible></categoryType></recurrencePeriod></defaultPrice><defaultPrice xmlns:xsi="http://www.w3.org/2001/XMLSchema-instance" xsi:type="initialPricingVO"><id>3c68604be87d449cb386283480b39713</id><createdOn>2018-02-15T05:56:35.483-08:00</createdOn><updatedOn>2018-02-15T05:56:35.483-08:00</updatedOn><priceCategory><id>90d9650a36897af90136897bc93e0016</id><objectId>90d9650a36897af90136897bc93e0016</objectId><createdOn>2015-08-14T13:08:31.543-07:00</createdOn><isCriticalSystemObject>true</isCriticalSystemObject><description>SETUP</description><iconUrl>/csa/images/categories/price/setup.png</iconUrl><name>SETUP</name><displayName>SETUP</displayName><disabled>false</disabled><categoryType><id>90d9650a36897af90136897bc7c70014</id><objectId>90d9650a36897af90136897bc7c70014</objectId><isCriticalSystemObject>false</isCriticalSystemObject><description>Price Category</description><name>PRICE_CATEGORY</name><displayName>Price Category</displayName><extensible>false</extensible></categoryType></priceCategory><fixedPrice>0.0</fixedPrice><unitPrice>0.0</unitPrice><pricingComputeType><id>32787A2F288341E689BD9C4CCA5E5331</id><objectId>32787A2F288341E689BD9C4CCA5E5331</objectId><createdOn>2015-08-14T13:08:31.583-07:00</createdOn><isCriticalSystemObject>true</isCriticalSystemObject><description>STATIC</description><iconUrl></iconUrl><name>STATIC</name><displayName>STATIC</displayName><disabled>false</disabled><categoryType><id>BBBB47674CFB4535AC8792EF167C4AD7</id><objectId>BBBB47674CFB4535AC8792EF167C4AD7</objectId><isCriticalSystemObject>false</isCriticalSystemObject><description>Pricing Compute Type</description><name>PRICING_COMPUTE_TYPE</name><displayName>Pricing Compute Type</displayName><extensible>false</extensible></categoryType></pricingComputeType></defaultPrice><hideInitialPriceAppr>false</hideInitialPriceAppr><hideRecurringPriceAppr>false</hideRecurringPriceAppr><hideInitialPrice>false</hideInitialPrice><hideRecurringPrice>false</hideRecurringPrice><createdBy><id>90d96588360da0c701360da0f1d600a1</id><objectId>90d96588360da0c701360da0f1d600a1</objectId><isCriticalSystemObject>true</isCriticalSystemObject><description>admin</description><iconUrl>http://localhost/admin</iconUrl><name>admin</name><displayName>admin</displayName><disabled>false</disabled><validUpgrade>false</validUpgrade></createdBy></ServiceOffering>